<?xml version="1.0" encoding="UTF-8"?><rss version="2.0"
	xmlns:content="http://purl.org/rss/1.0/modules/content/"
	xmlns:dc="http://purl.org/dc/elements/1.1/"
	xmlns:atom="http://www.w3.org/2005/Atom"
	xmlns:sy="http://purl.org/rss/1.0/modules/syndication/"
	
	>
<channel>
	<title>
	Comments on: Demystifying Domain Names: A Beginner&#039;s Guide to Understanding Their Importance	</title>
	<atom:link href="/demystifying-domain-names-a-beginners-guide-to-understanding-their-importance/feed/" rel="self" type="application/rss+xml" />
	<link>/demystifying-domain-names-a-beginners-guide-to-understanding-their-importance/</link>
	<description>Affordable website design</description>
	<lastBuildDate>Fri, 15 Dec 2023 10:18:30 +0000</lastBuildDate>
	<sy:updatePeriod>
	hourly	</sy:updatePeriod>
	<sy:updateFrequency>
	1	</sy:updateFrequency>
	<generator>https://wordpress.org/?v=6.4.2</generator>
</channel>
</rss>

<!-- plugin=object-cache-pro client=phpredis metric#hits=949 metric#misses=57 metric#hit-ratio=94.3 metric#bytes=4956905 metric#prefetches=0 metric#store-reads=103 metric#store-writes=2 metric#store-hits=75 metric#store-misses=55 metric#sql-queries=7 metric#ms-total=614.31 metric#ms-cache=20.25 metric#ms-cache-avg=0.1947 metric#ms-cache-ratio=3.3 -->
