<?xml version="1.0" encoding="UTF-8"?><rss version="2.0"
	xmlns:content="http://purl.org/rss/1.0/modules/content/"
	xmlns:dc="http://purl.org/dc/elements/1.1/"
	xmlns:atom="http://www.w3.org/2005/Atom"
	xmlns:sy="http://purl.org/rss/1.0/modules/syndication/"
	
	>
<channel>
	<title>
	Comments on: Why choose WordPress for your website in 2024	</title>
	<atom:link href="/why-choose-wordpress-for-your-website-in-2024/feed/" rel="self" type="application/rss+xml" />
	<link>/why-choose-wordpress-for-your-website-in-2024/</link>
	<description>Affordable website design</description>
	<lastBuildDate>Wed, 20 Dec 2023 21:35:54 +0000</lastBuildDate>
	<sy:updatePeriod>
	hourly	</sy:updatePeriod>
	<sy:updateFrequency>
	1	</sy:updateFrequency>
	<generator>https://wordpress.org/?v=6.4.2</generator>
</channel>
</rss>

<!-- plugin=object-cache-pro client=phpredis metric#hits=948 metric#misses=57 metric#hit-ratio=94.3 metric#bytes=4965194 metric#prefetches=0 metric#store-reads=103 metric#store-writes=3 metric#store-hits=75 metric#store-misses=55 metric#sql-queries=7 metric#ms-total=618.99 metric#ms-cache=24.06 metric#ms-cache-avg=0.2291 metric#ms-cache-ratio=3.9 sample#redis-hits=85717682 sample#redis-misses=13516359 sample#redis-hit-ratio=86.4 sample#redis-ops-per-sec=171 sample#redis-evicted-keys=0 sample#redis-used-memory=59766304 sample#redis-used-memory-rss=31907840 sample#redis-memory-fragmentation-ratio=0.5 sample#redis-connected-clients=2 sample#redis-tracking-clients=0 sample#redis-rejected-connections=0 sample#redis-keys=487 -->
