<?xml version="1.0" encoding="UTF-8"?><rss version="2.0"
	xmlns:content="http://purl.org/rss/1.0/modules/content/"
	xmlns:dc="http://purl.org/dc/elements/1.1/"
	xmlns:atom="http://www.w3.org/2005/Atom"
	xmlns:sy="http://purl.org/rss/1.0/modules/syndication/"
	
	>
<channel>
	<title>
	Comments on: A Guide to Updating Your Website in 2024	</title>
	<atom:link href="/a-guide-to-updating-your-website-in-2024/feed/" rel="self" type="application/rss+xml" />
	<link>/a-guide-to-updating-your-website-in-2024/</link>
	<description>Affordable website design</description>
	<lastBuildDate>Wed, 20 Dec 2023 21:49:58 +0000</lastBuildDate>
	<sy:updatePeriod>
	hourly	</sy:updatePeriod>
	<sy:updateFrequency>
	1	</sy:updateFrequency>
	<generator>https://wordpress.org/?v=6.4.2</generator>
</channel>
</rss>

<!-- plugin=object-cache-pro client=phpredis metric#hits=948 metric#misses=57 metric#hit-ratio=94.3 metric#bytes=4977417 metric#prefetches=0 metric#store-reads=103 metric#store-writes=2 metric#store-hits=75 metric#store-misses=55 metric#sql-queries=7 metric#ms-total=857.80 metric#ms-cache=66.25 metric#ms-cache-avg=0.6370 metric#ms-cache-ratio=7.7 -->
