<?xml version="1.0" encoding="UTF-8"?><rss version="2.0"
	xmlns:content="http://purl.org/rss/1.0/modules/content/"
	xmlns:dc="http://purl.org/dc/elements/1.1/"
	xmlns:atom="http://www.w3.org/2005/Atom"
	xmlns:sy="http://purl.org/rss/1.0/modules/syndication/"
	
	>
<channel>
	<title>
	Comments on: Unveiling Website Hosting: Understanding the Backbone of Your Online Presence	</title>
	<atom:link href="/unveiling-website-hosting-understanding-the-backbone-of-your-online-presence/feed/" rel="self" type="application/rss+xml" />
	<link>/unveiling-website-hosting-understanding-the-backbone-of-your-online-presence/</link>
	<description>Affordable website design</description>
	<lastBuildDate>Wed, 20 Dec 2023 21:42:26 +0000</lastBuildDate>
	<sy:updatePeriod>
	hourly	</sy:updatePeriod>
	<sy:updateFrequency>
	1	</sy:updateFrequency>
	<generator>https://wordpress.org/?v=6.4.2</generator>
</channel>
</rss>

<!-- plugin=object-cache-pro client=phpredis metric#hits=948 metric#misses=57 metric#hit-ratio=94.3 metric#bytes=4956849 metric#prefetches=0 metric#store-reads=103 metric#store-writes=2 metric#store-hits=75 metric#store-misses=55 metric#sql-queries=7 metric#ms-total=550.36 metric#ms-cache=19.31 metric#ms-cache-avg=0.1857 metric#ms-cache-ratio=3.5 -->
