<?xml version="1.0" encoding="UTF-8"?><rss version="2.0"
	xmlns:content="http://purl.org/rss/1.0/modules/content/"
	xmlns:dc="http://purl.org/dc/elements/1.1/"
	xmlns:atom="http://www.w3.org/2005/Atom"
	xmlns:sy="http://purl.org/rss/1.0/modules/syndication/"
	
	>
<channel>
	<title>
	Comments on: How to Pick the Best Website Name for Your Business	</title>
	<atom:link href="/how-to-pick-the-best-website-name-for-your-business/feed/" rel="self" type="application/rss+xml" />
	<link>/how-to-pick-the-best-website-name-for-your-business/</link>
	<description>Affordable website design</description>
	<lastBuildDate>Wed, 20 Dec 2023 21:32:31 +0000</lastBuildDate>
	<sy:updatePeriod>
	hourly	</sy:updatePeriod>
	<sy:updateFrequency>
	1	</sy:updateFrequency>
	<generator>https://wordpress.org/?v=6.4.2</generator>
</channel>
</rss>

<!-- plugin=object-cache-pro client=phpredis metric#hits=946 metric#misses=59 metric#hit-ratio=94.1 metric#bytes=4951733 metric#prefetches=0 metric#store-reads=103 metric#store-writes=4 metric#store-hits=73 metric#store-misses=57 metric#sql-queries=9 metric#ms-total=1467.41 metric#ms-cache=106.92 metric#ms-cache-avg=1.0087 metric#ms-cache-ratio=7.3 -->
